<?xml version="1.0" encoding="UTF-8"?><?xml-stylesheet type='text/xsl' href='_UpgradeReport_Files/UpgradeReport.xslt'?><UpgradeLog>
<Properties><Property Name="Solution" Value="DuiLib">
</Property><Property Name="解决方案文件" Value="C:\Users\Administrator\Desktop\duilib v1.1\DuiLib.sln">
</Property><Property Name="Date" Value="2016年6月17日,星期五">
</Property><Property Name="Time" Value="14:51">
</Property></Properties><Event ErrorLevel="0" Project="" Source="DuiLib.sln" Description="文件已成功备份为 C:\Users\Administrator\Desktop\duilib v1.1\DuiLib.sln.old">
</Event><Event ErrorLevel="0" Project="DuiLib" Source="DuiLib\DuiLib.vcproj" Description="Converting project file 'C:\Users\Administrator\Desktop\duilib v1.1\DuiLib\DuiLib.vcproj'.">
</Event><Event ErrorLevel="1" Project="DuiLib" Source="DuiLib\DuiLib.vcproj" Description="VCWebServiceProxyGeneratorTool is no longer supported. The tool has been removed from your project settings.">
</Event><Event ErrorLevel="0" Project="DuiLib" Source="DuiLib\DuiLib.vcproj" Description="Web deployment to the local IIS server is no longer supported. The Web Deployment build tool has been removed from your project settings.">
</Event><Event ErrorLevel="1" Project="DuiLib" Source="DuiLib\DuiLib.vcproj" Description="Attribute 'Detect64BitPortabilityProblems' of 'VCCLCompilerTool' is not supported in this version and has been removed during conversion.">
</Event><Event ErrorLevel="1" Project="DuiLib" Source="DuiLib\DuiLib.vcproj" Description="MSB8012: $(TargetPath) ('C:\Users\Administrator\Desktop\duilib v1.1\DuiLib\.\Release\DuiLib.dll') does not match the Linker's OutputFile property value '../bin/DuiLib.dll' ('C:\Users\Administrator\Desktop\duilib v1.1\../bin/DuiLib.dll') in project configuration 'Release|Win32'. This may cause your project to build incorrectly. To correct this, please make sure that $(TargetPath) property value matches the value specified in %(Link.OutputFile).">
</Event><Event ErrorLevel="1" Project="DuiLib" Source="DuiLib\DuiLib.vcproj" Description="MSB8012: $(TargetName) ('DuiLib') does not match the Linker's OutputFile property value '../bin/DuiLib_d.dll' ('DuiLib_d') in project configuration 'Debug|Win32'. This may cause your project to build incorrectly. To correct this, please make sure that $(TargetName) property value matches the value specified in %(Link.OutputFile).">
</Event><Event ErrorLevel="1" Project="DuiLib" Source="DuiLib\DuiLib.vcproj" Description="MSB8012: $(TargetPath) ('C:\Users\Administrator\Desktop\duilib v1.1\DuiLib\.\Debug\DuiLib.dll') does not match the Linker's OutputFile property value '../bin/DuiLib_d.dll' ('C:\Users\Administrator\Desktop\duilib v1.1\../bin/DuiLib_d.dll') in project configuration 'Debug|Win32'. This may cause your project to build incorrectly. To correct this, please make sure that $(TargetPath) property value matches the value specified in %(Link.OutputFile).">
</Event><Event ErrorLevel="1" Project="DuiLib" Source="DuiLib\DuiLib.vcproj" Description="MSB8012: $(TargetName) ('DuiLib') does not match the Linker's OutputFile property value '../bin/DuiLib_ud.dll' ('DuiLib_ud') in project configuration 'UnicodeDebug|Win32'. This may cause your project to build incorrectly. To correct this, please make sure that $(TargetName) property value matches the value specified in %(Link.OutputFile).">
</Event><Event ErrorLevel="1" Project="DuiLib" Source="DuiLib\DuiLib.vcproj" Description="MSB8012: $(TargetPath) ('C:\Users\Administrator\Desktop\duilib v1.1\DuiLib\.\Debug_u\DuiLib.dll') does not match the Linker's OutputFile property value '../bin/DuiLib_ud.dll' ('C:\Users\Administrator\Desktop\duilib v1.1\../bin/DuiLib_ud.dll') in project configuration 'UnicodeDebug|Win32'. This may cause your project to build incorrectly. To correct this, please make sure that $(TargetPath) property value matches the value specified in %(Link.OutputFile).">
</Event><Event ErrorLevel="1" Project="DuiLib" Source="DuiLib\DuiLib.vcproj" Description="MSB8012: $(TargetName) ('DuiLib') does not match the Linker's OutputFile property value '../bin/DuiLib_u.dll' ('DuiLib_u') in project configuration 'UnicodeRelease|Win32'. This may cause your project to build incorrectly. To correct this, please make sure that $(TargetName) property value matches the value specified in %(Link.OutputFile).">
</Event><Event ErrorLevel="1" Project="DuiLib" Source="DuiLib\DuiLib.vcproj" Description="MSB8012: $(TargetPath) ('C:\Users\Administrator\Desktop\duilib v1.1\DuiLib\.\Release_u\DuiLib.dll') does not match the Linker's OutputFile property value '../bin/DuiLib_u.dll' ('C:\Users\Administrator\Desktop\duilib v1.1\../bin/DuiLib_u.dll') in project configuration 'UnicodeRelease|Win32'. This may cause your project to build incorrectly. To correct this, please make sure that $(TargetPath) property value matches the value specified in %(Link.OutputFile).">
</Event><Event ErrorLevel="0" Project="DuiLib" Source="DuiLib\DuiLib.vcproj" Description="Done converting to new project file 'C:\Users\Administrator\Desktop\duilib v1.1\DuiLib\DuiLib.vcxproj'.">
</Event><Event ErrorLevel="3" Project="DuiLib" Source="DuiLib\DuiLib.vcproj" Description="Converted">
</Event><Event ErrorLevel="0" Project="GameDemo" Source="GameDemo\GameDemo.vcproj" Description="Converting project file 'C:\Users\Administrator\Desktop\duilib v1.1\GameDemo\GameDemo.vcproj'.">
</Event><Event ErrorLevel="1" Project="GameDemo" Source="GameDemo\GameDemo.vcproj" Description="VCWebServiceProxyGeneratorTool is no longer supported. The tool has been removed from your project settings.">
</Event><Event ErrorLevel="0" Project="GameDemo" Source="GameDemo\GameDemo.vcproj" Description="Web deployment to the local IIS server is no longer supported. The Web Deployment build tool has been removed from your project settings.">
</Event><Event ErrorLevel="1" Project="GameDemo" Source="GameDemo\GameDemo.vcproj" Description="MSB8012: $(TargetPath) ('C:\Users\Administrator\Desktop\duilib v1.1\GameDemo\.\Release\GameDemo.exe') does not match the Linker's OutputFile property value '../bin/GameDemo.exe' ('C:\Users\Administrator\Desktop\duilib v1.1\../bin/GameDemo.exe') in project configuration 'Release|Win32'. This may cause your project to build incorrectly. To correct this, please make sure that $(TargetPath) property value matches the value specified in %(Link.OutputFile).">
</Event><Event ErrorLevel="1" Project="GameDemo" Source="GameDemo\GameDemo.vcproj" Description="MSB8012: $(TargetName) ('GameDemo') does not match the Linker's OutputFile property value '../bin/GameDemo_d.exe' ('GameDemo_d') in project configuration 'Debug|Win32'. This may cause your project to build incorrectly. To correct this, please make sure that $(TargetName) property value matches the value specified in %(Link.OutputFile).">
</Event><Event ErrorLevel="1" Project="GameDemo" Source="GameDemo\GameDemo.vcproj" Description="MSB8012: $(TargetPath) ('C:\Users\Administrator\Desktop\duilib v1.1\GameDemo\.\Debug\GameDemo.exe') does not match the Linker's OutputFile property value '../bin/GameDemo_d.exe' ('C:\Users\Administrator\Desktop\duilib v1.1\../bin/GameDemo_d.exe') in project configuration 'Debug|Win32'. This may cause your project to build incorrectly. To correct this, please make sure that $(TargetPath) property value matches the value specified in %(Link.OutputFile).">
</Event><Event ErrorLevel="1" Project="GameDemo" Source="GameDemo\GameDemo.vcproj" Description="MSB8012: $(TargetName) ('GameDemo') does not match the Linker's OutputFile property value '../bin/GameDemo_ud.exe' ('GameDemo_ud') in project configuration 'UnicodeDebug|Win32'. This may cause your project to build incorrectly. To correct this, please make sure that $(TargetName) property value matches the value specified in %(Link.OutputFile).">
</Event><Event ErrorLevel="1" Project="GameDemo" Source="GameDemo\GameDemo.vcproj" Description="MSB8012: $(TargetPath) ('C:\Users\Administrator\Desktop\duilib v1.1\GameDemo\.\Debug_u\GameDemo.exe') does not match the Linker's OutputFile property value '../bin/GameDemo_ud.exe' ('C:\Users\Administrator\Desktop\duilib v1.1\../bin/GameDemo_ud.exe') in project configuration 'UnicodeDebug|Win32'. This may cause your project to build incorrectly. To correct this, please make sure that $(TargetPath) property value matches the value specified in %(Link.OutputFile).">
</Event><Event ErrorLevel="1" Project="GameDemo" Source="GameDemo\GameDemo.vcproj" Description="MSB8012: $(TargetName) ('GameDemo') does not match the Linker's OutputFile property value '../bin/GameDemo_u.exe' ('GameDemo_u') in project configuration 'UnicodeRelease|Win32'. This may cause your project to build incorrectly. To correct this, please make sure that $(TargetName) property value matches the value specified in %(Link.OutputFile).">
</Event><Event ErrorLevel="1" Project="GameDemo" Source="GameDemo\GameDemo.vcproj" Description="MSB8012: $(TargetPath) ('C:\Users\Administrator\Desktop\duilib v1.1\GameDemo\.\Release_u\GameDemo.exe') does not match the Linker's OutputFile property value '../bin/GameDemo_u.exe' ('C:\Users\Administrator\Desktop\duilib v1.1\../bin/GameDemo_u.exe') in project configuration 'UnicodeRelease|Win32'. This may cause your project to build incorrectly. To correct this, please make sure that $(TargetPath) property value matches the value specified in %(Link.OutputFile).">
</Event><Event ErrorLevel="0" Project="GameDemo" Source="GameDemo\GameDemo.vcproj" Description="Done converting to new project file 'C:\Users\Administrator\Desktop\duilib v1.1\GameDemo\GameDemo.vcxproj'.">
</Event><Event ErrorLevel="3" Project="GameDemo" Source="GameDemo\GameDemo.vcproj" Description="Converted">
</Event><Event ErrorLevel="0" Project="TestApp1" Source="TestApp1\TestApp1.vcproj" Description="Converting project file 'C:\Users\Administrator\Desktop\duilib v1.1\TestApp1\TestApp1.vcproj'.">
</Event><Event ErrorLevel="1" Project="TestApp1" Source="TestApp1\TestApp1.vcproj" Description="VCWebServiceProxyGeneratorTool is no longer supported. The tool has been removed from your project settings.">
</Event><Event ErrorLevel="0" Project="TestApp1" Source="TestApp1\TestApp1.vcproj" Description="Web deployment to the local IIS server is no longer supported. The Web Deployment build tool has been removed from your project settings.">
</Event><Event ErrorLevel="1" Project="TestApp1" Source="TestApp1\TestApp1.vcproj" Description="MSB8012: $(TargetPath) ('C:\Users\Administrator\Desktop\duilib v1.1\TestApp1\.\Release\TestApp1.exe') does not match the Linker's OutputFile property value '../bin/TestApp1.exe' ('C:\Users\Administrator\Desktop\duilib v1.1\../bin/TestApp1.exe') in project configuration 'Release|Win32'. This may cause your project to build incorrectly. To correct this, please make sure that $(TargetPath) property value matches the value specified in %(Link.OutputFile).">
</Event><Event ErrorLevel="1" Project="TestApp1" Source="TestApp1\TestApp1.vcproj" Description="MSB8012: $(TargetName) ('TestApp1') does not match the Linker's OutputFile property value '../bin/TestApp1_d.exe' ('TestApp1_d') in project configuration 'Debug|Win32'. This may cause your project to build incorrectly. To correct this, please make sure that $(TargetName) property value matches the value specified in %(Link.OutputFile).">
</Event><Event ErrorLevel="1" Project="TestApp1" Source="TestApp1\TestApp1.vcproj" Description="MSB8012: $(TargetPath) ('C:\Users\Administrator\Desktop\duilib v1.1\TestApp1\.\Debug\TestApp1.exe') does not match the Linker's OutputFile property value '../bin/TestApp1_d.exe' ('C:\Users\Administrator\Desktop\duilib v1.1\../bin/TestApp1_d.exe') in project configuration 'Debug|Win32'. This may cause your project to build incorrectly. To correct this, please make sure that $(TargetPath) property value matches the value specified in %(Link.OutputFile).">
</Event><Event ErrorLevel="1" Project="TestApp1" Source="TestApp1\TestApp1.vcproj" Description="MSB8012: $(TargetName) ('TestApp1') does not match the Linker's OutputFile property value '../bin/TestApp1_ud.exe' ('TestApp1_ud') in project configuration 'UnicodeDebug|Win32'. This may cause your project to build incorrectly. To correct this, please make sure that $(TargetName) property value matches the value specified in %(Link.OutputFile).">
</Event><Event ErrorLevel="1" Project="TestApp1" Source="TestApp1\TestApp1.vcproj" Description="MSB8012: $(TargetPath) ('C:\Users\Administrator\Desktop\duilib v1.1\TestApp1\.\Debug_u\TestApp1.exe') does not match the Linker's OutputFile property value '../bin/TestApp1_ud.exe' ('C:\Users\Administrator\Desktop\duilib v1.1\../bin/TestApp1_ud.exe') in project configuration 'UnicodeDebug|Win32'. This may cause your project to build incorrectly. To correct this, please make sure that $(TargetPath) property value matches the value specified in %(Link.OutputFile).">
</Event><Event ErrorLevel="1" Project="TestApp1" Source="TestApp1\TestApp1.vcproj" Description="MSB8012: $(TargetName) ('TestApp1') does not match the Linker's OutputFile property value '../bin/TestApp1_u.exe' ('TestApp1_u') in project configuration 'UnicodeRelease|Win32'. This may cause your project to build incorrectly. To correct this, please make sure that $(TargetName) property value matches the value specified in %(Link.OutputFile).">
</Event><Event ErrorLevel="1" Project="TestApp1" Source="TestApp1\TestApp1.vcproj" Description="MSB8012: $(TargetPath) ('C:\Users\Administrator\Desktop\duilib v1.1\TestApp1\.\Release_u\TestApp1.exe') does not match the Linker's OutputFile property value '../bin/TestApp1_u.exe' ('C:\Users\Administrator\Desktop\duilib v1.1\../bin/TestApp1_u.exe') in project configuration 'UnicodeRelease|Win32'. This may cause your project to build incorrectly. To correct this, please make sure that $(TargetPath) property value matches the value specified in %(Link.OutputFile).">
</Event><Event ErrorLevel="0" Project="TestApp1" Source="TestApp1\TestApp1.vcproj" Description="Done converting to new project file 'C:\Users\Administrator\Desktop\duilib v1.1\TestApp1\TestApp1.vcxproj'.">
</Event><Event ErrorLevel="3" Project="TestApp1" Source="TestApp1\TestApp1.vcproj" Description="Converted">
</Event><Event ErrorLevel="0" Project="ListDemo" Source="ListDemo\ListDemo.vcproj" Description="Converting project file 'C:\Users\Administrator\Desktop\duilib v1.1\ListDemo\ListDemo.vcproj'.">
</Event><Event ErrorLevel="1" Project="ListDemo" Source="ListDemo\ListDemo.vcproj" Description="VCWebServiceProxyGeneratorTool is no longer supported. The tool has been removed from your project settings.">
</Event><Event ErrorLevel="0" Project="ListDemo" Source="ListDemo\ListDemo.vcproj" Description="Web deployment to the local IIS server is no longer supported. The Web Deployment build tool has been removed from your project settings.">
</Event><Event ErrorLevel="1" Project="ListDemo" Source="ListDemo\ListDemo.vcproj" Description="MSB8012: $(TargetPath) ('C:\Users\Administrator\Desktop\duilib v1.1\ListDemo\.\Release\ListDemo.exe') does not match the Linker's OutputFile property value '../bin/ListDemo.exe' ('C:\Users\Administrator\Desktop\duilib v1.1\../bin/ListDemo.exe') in project configuration 'Release|Win32'. This may cause your project to build incorrectly. To correct this, please make sure that $(TargetPath) property value matches the value specified in %(Link.OutputFile).">
</Event><Event ErrorLevel="1" Project="ListDemo" Source="ListDemo\ListDemo.vcproj" Description="MSB8012: $(TargetName) ('ListDemo') does not match the Linker's OutputFile property value '../bin/ListDemo_d.exe' ('ListDemo_d') in project configuration 'Debug|Win32'. This may cause your project to build incorrectly. To correct this, please make sure that $(TargetName) property value matches the value specified in %(Link.OutputFile).">
</Event><Event ErrorLevel="1" Project="ListDemo" Source="ListDemo\ListDemo.vcproj" Description="MSB8012: $(TargetPath) ('C:\Users\Administrator\Desktop\duilib v1.1\ListDemo\.\Debug\ListDemo.exe') does not match the Linker's OutputFile property value '../bin/ListDemo_d.exe' ('C:\Users\Administrator\Desktop\duilib v1.1\../bin/ListDemo_d.exe') in project configuration 'Debug|Win32'. This may cause your project to build incorrectly. To correct this, please make sure that $(TargetPath) property value matches the value specified in %(Link.OutputFile).">
</Event><Event ErrorLevel="1" Project="ListDemo" Source="ListDemo\ListDemo.vcproj" Description="MSB8012: $(TargetName) ('ListDemo') does not match the Linker's OutputFile property value '../bin/ListDemo_ud.exe' ('ListDemo_ud') in project configuration 'UnicodeDebug|Win32'. This may cause your project to build incorrectly. To correct this, please make sure that $(TargetName) property value matches the value specified in %(Link.OutputFile).">
</Event><Event ErrorLevel="1" Project="ListDemo" Source="ListDemo\ListDemo.vcproj" Description="MSB8012: $(TargetPath) ('C:\Users\Administrator\Desktop\duilib v1.1\ListDemo\.\Debug_u\ListDemo.exe') does not match the Linker's OutputFile property value '../bin/ListDemo_ud.exe' ('C:\Users\Administrator\Desktop\duilib v1.1\../bin/ListDemo_ud.exe') in project configuration 'UnicodeDebug|Win32'. This may cause your project to build incorrectly. To correct this, please make sure that $(TargetPath) property value matches the value specified in %(Link.OutputFile).">
</Event><Event ErrorLevel="1" Project="ListDemo" Source="ListDemo\ListDemo.vcproj" Description="MSB8012: $(TargetName) ('ListDemo') does not match the Linker's OutputFile property value '../bin/ListDemo_u.exe' ('ListDemo_u') in project configuration 'UnicodeRelease|Win32'. This may cause your project to build incorrectly. To correct this, please make sure that $(TargetName) property value matches the value specified in %(Link.OutputFile).">
</Event><Event ErrorLevel="1" Project="ListDemo" Source="ListDemo\ListDemo.vcproj" Description="MSB8012: $(TargetPath) ('C:\Users\Administrator\Desktop\duilib v1.1\ListDemo\.\Release_u\ListDemo.exe') does not match the Linker's OutputFile property value '../bin/ListDemo_u.exe' ('C:\Users\Administrator\Desktop\duilib v1.1\../bin/ListDemo_u.exe') in project configuration 'UnicodeRelease|Win32'. This may cause your project to build incorrectly. To correct this, please make sure that $(TargetPath) property value matches the value specified in %(Link.OutputFile).">
</Event><Event ErrorLevel="0" Project="ListDemo" Source="ListDemo\ListDemo.vcproj" Description="Done converting to new project file 'C:\Users\Administrator\Desktop\duilib v1.1\ListDemo\ListDemo.vcxproj'.">
</Event><Event ErrorLevel="3" Project="ListDemo" Source="ListDemo\ListDemo.vcproj" Description="Converted">
</Event><Event ErrorLevel="0" Project="360SafeDemo" Source="360SafeDemo\360SafeDemo.vcproj" Description="Converting project file 'C:\Users\Administrator\Desktop\duilib v1.1\360SafeDemo\360SafeDemo.vcproj'.">
</Event><Event ErrorLevel="1" Project="360SafeDemo" Source="360SafeDemo\360SafeDemo.vcproj" Description="VCWebServiceProxyGeneratorTool is no longer supported. The tool has been removed from your project settings.">
</Event><Event ErrorLevel="0" Project="360SafeDemo" Source="360SafeDemo\360SafeDemo.vcproj" Description="Web deployment to the local IIS server is no longer supported. The Web Deployment build tool has been removed from your project settings.">
</Event><Event ErrorLevel="1" Project="360SafeDemo" Source="360SafeDemo\360SafeDemo.vcproj" Description="MSB8012: $(TargetPath) ('C:\Users\Administrator\Desktop\duilib v1.1\360SafeDemo\.\Release\360Safe.exe') does not match the Linker's OutputFile property value '../bin/360Safe.exe' ('C:\Users\Administrator\Desktop\duilib v1.1\../bin/360Safe.exe') in project configuration 'Release|Win32'. This may cause your project to build incorrectly. To correct this, please make sure that $(TargetPath) property value matches the value specified in %(Link.OutputFile).">
</Event><Event ErrorLevel="1" Project="360SafeDemo" Source="360SafeDemo\360SafeDemo.vcproj" Description="MSB8012: $(TargetName) ('360Safe') does not match the Linker's OutputFile property value '../bin/360Safe_d.exe' ('360Safe_d') in project configuration 'Debug|Win32'. This may cause your project to build incorrectly. To correct this, please make sure that $(TargetName) property value matches the value specified in %(Link.OutputFile).">
</Event><Event ErrorLevel="1" Project="360SafeDemo" Source="360SafeDemo\360SafeDemo.vcproj" Description="MSB8012: $(TargetPath) ('C:\Users\Administrator\Desktop\duilib v1.1\360SafeDemo\.\Debug\360Safe.exe') does not match the Linker's OutputFile property value '../bin/360Safe_d.exe' ('C:\Users\Administrator\Desktop\duilib v1.1\../bin/360Safe_d.exe') in project configuration 'Debug|Win32'. This may cause your project to build incorrectly. To correct this, please make sure that $(TargetPath) property value matches the value specified in %(Link.OutputFile).">
</Event><Event ErrorLevel="1" Project="360SafeDemo" Source="360SafeDemo\360SafeDemo.vcproj" Description="MSB8012: $(TargetName) ('360Safe') does not match the Linker's OutputFile property value '../bin/360Safe_ud.exe' ('360Safe_ud') in project configuration 'UnicodeDebug|Win32'. This may cause your project to build incorrectly. To correct this, please make sure that $(TargetName) property value matches the value specified in %(Link.OutputFile).">
</Event><Event ErrorLevel="1" Project="360SafeDemo" Source="360SafeDemo\360SafeDemo.vcproj" Description="MSB8012: $(TargetPath) ('C:\Users\Administrator\Desktop\duilib v1.1\360SafeDemo\.\Debug_u\360Safe.exe') does not match the Linker's OutputFile property value '../bin/360Safe_ud.exe' ('C:\Users\Administrator\Desktop\duilib v1.1\../bin/360Safe_ud.exe') in project configuration 'UnicodeDebug|Win32'. This may cause your project to build incorrectly. To correct this, please make sure that $(TargetPath) property value matches the value specified in %(Link.OutputFile).">
</Event><Event ErrorLevel="1" Project="360SafeDemo" Source="360SafeDemo\360SafeDemo.vcproj" Description="MSB8012: $(TargetName) ('360Safe') does not match the Linker's OutputFile property value '../bin/360Safe_u.exe' ('360Safe_u') in project configuration 'UnicodeRelease|Win32'. This may cause your project to build incorrectly. To correct this, please make sure that $(TargetName) property value matches the value specified in %(Link.OutputFile).">
</Event><Event ErrorLevel="1" Project="360SafeDemo" Source="360SafeDemo\360SafeDemo.vcproj" Description="MSB8012: $(TargetPath) ('C:\Users\Administrator\Desktop\duilib v1.1\360SafeDemo\.\Release_u\360Safe.exe') does not match the Linker's OutputFile property value '../bin/360Safe_u.exe' ('C:\Users\Administrator\Desktop\duilib v1.1\../bin/360Safe_u.exe') in project configuration 'UnicodeRelease|Win32'. This may cause your project to build incorrectly. To correct this, please make sure that $(TargetPath) property value matches the value specified in %(Link.OutputFile).">
</Event><Event ErrorLevel="0" Project="360SafeDemo" Source="360SafeDemo\360SafeDemo.vcproj" Description="Done converting to new project file 'C:\Users\Administrator\Desktop\duilib v1.1\360SafeDemo\360SafeDemo.vcxproj'.">
</Event><Event ErrorLevel="3" Project="360SafeDemo" Source="360SafeDemo\360SafeDemo.vcproj" Description="Converted">
</Event><Event ErrorLevel="0" Project="FlashDemo" Source="FlashDemo\FlashDemo.vcproj" Description="Converting project file 'C:\Users\Administrator\Desktop\duilib v1.1\FlashDemo\FlashDemo.vcproj'.">
</Event><Event ErrorLevel="1" Project="FlashDemo" Source="FlashDemo\FlashDemo.vcproj" Description="VCWebServiceProxyGeneratorTool is no longer supported. The tool has been removed from your project settings.">
</Event><Event ErrorLevel="0" Project="FlashDemo" Source="FlashDemo\FlashDemo.vcproj" Description="Web deployment to the local IIS server is no longer supported. The Web Deployment build tool has been removed from your project settings.">
</Event><Event ErrorLevel="1" Project="FlashDemo" Source="FlashDemo\FlashDemo.vcproj" Description="MSB8012: $(TargetPath) ('C:\Users\Administrator\Desktop\duilib v1.1\FlashDemo\.\Release\FlashDemo.exe') does not match the Linker's OutputFile property value '../bin/FlashDemo.exe' ('C:\Users\Administrator\Desktop\duilib v1.1\../bin/FlashDemo.exe') in project configuration 'Release|Win32'. This may cause your project to build incorrectly. To correct this, please make sure that $(TargetPath) property value matches the value specified in %(Link.OutputFile).">
</Event><Event ErrorLevel="1" Project="FlashDemo" Source="FlashDemo\FlashDemo.vcproj" Description="MSB8012: $(TargetName) ('FlashDemo') does not match the Linker's OutputFile property value '../bin/FlashDemo_d.exe' ('FlashDemo_d') in project configuration 'Debug|Win32'. This may cause your project to build incorrectly. To correct this, please make sure that $(TargetName) property value matches the value specified in %(Link.OutputFile).">
</Event><Event ErrorLevel="1" Project="FlashDemo" Source="FlashDemo\FlashDemo.vcproj" Description="MSB8012: $(TargetPath) ('C:\Users\Administrator\Desktop\duilib v1.1\FlashDemo\.\Debug\FlashDemo.exe') does not match the Linker's OutputFile property value '../bin/FlashDemo_d.exe' ('C:\Users\Administrator\Desktop\duilib v1.1\../bin/FlashDemo_d.exe') in project configuration 'Debug|Win32'. This may cause your project to build incorrectly. To correct this, please make sure that $(TargetPath) property value matches the value specified in %(Link.OutputFile).">
</Event><Event ErrorLevel="1" Project="FlashDemo" Source="FlashDemo\FlashDemo.vcproj" Description="MSB8012: $(TargetName) ('FlashDemo') does not match the Linker's OutputFile property value '../bin/FlashDemo_ud.exe' ('FlashDemo_ud') in project configuration 'UnicodeDebug|Win32'. This may cause your project to build incorrectly. To correct this, please make sure that $(TargetName) property value matches the value specified in %(Link.OutputFile).">
</Event><Event ErrorLevel="1" Project="FlashDemo" Source="FlashDemo\FlashDemo.vcproj" Description="MSB8012: $(TargetPath) ('C:\Users\Administrator\Desktop\duilib v1.1\FlashDemo\.\Debug_u\FlashDemo.exe') does not match the Linker's OutputFile property value '../bin/FlashDemo_ud.exe' ('C:\Users\Administrator\Desktop\duilib v1.1\../bin/FlashDemo_ud.exe') in project configuration 'UnicodeDebug|Win32'. This may cause your project to build incorrectly. To correct this, please make sure that $(TargetPath) property value matches the value specified in %(Link.OutputFile).">
</Event><Event ErrorLevel="1" Project="FlashDemo" Source="FlashDemo\FlashDemo.vcproj" Description="MSB8012: $(TargetName) ('FlashDemo') does not match the Linker's OutputFile property value '../bin/FlashDemo_u.exe' ('FlashDemo_u') in project configuration 'UnicodeRelease|Win32'. This may cause your project to build incorrectly. To correct this, please make sure that $(TargetName) property value matches the value specified in %(Link.OutputFile).">
</Event><Event ErrorLevel="1" Project="FlashDemo" Source="FlashDemo\FlashDemo.vcproj" Description="MSB8012: $(TargetPath) ('C:\Users\Administrator\Desktop\duilib v1.1\FlashDemo\.\Release_u\FlashDemo.exe') does not match the Linker's OutputFile property value '../bin/FlashDemo_u.exe' ('C:\Users\Administrator\Desktop\duilib v1.1\../bin/FlashDemo_u.exe') in project configuration 'UnicodeRelease|Win32'. This may cause your project to build incorrectly. To correct this, please make sure that $(TargetPath) property value matches the value specified in %(Link.OutputFile).">
</Event><Event ErrorLevel="0" Project="FlashDemo" Source="FlashDemo\FlashDemo.vcproj" Description="Done converting to new project file 'C:\Users\Administrator\Desktop\duilib v1.1\FlashDemo\FlashDemo.vcxproj'.">
</Event><Event ErrorLevel="3" Project="FlashDemo" Source="FlashDemo\FlashDemo.vcproj" Description="Converted">
</Event><Event ErrorLevel="0" Project="QQDemo" Source="QQDemo\QQDemo.vcproj" Description="Converting project file 'C:\Users\Administrator\Desktop\duilib v1.1\QQDemo\QQDemo.vcproj'.">
</Event><Event ErrorLevel="1" Project="QQDemo" Source="QQDemo\QQDemo.vcproj" Description="VCWebServiceProxyGeneratorTool is no longer supported. The tool has been removed from your project settings.">
</Event><Event ErrorLevel="1" Project="QQDemo" Source="QQDemo\QQDemo.vcproj" Description="MSB8012: $(TargetPath) ('C:\Users\Administrator\Desktop\duilib v1.1\QQDemo\.\Release\QQDemo.exe') does not match the Linker's OutputFile property value '../bin/QQDemo.exe' ('C:\Users\Administrator\Desktop\duilib v1.1\../bin/QQDemo.exe') in project configuration 'Release|Win32'. This may cause your project to build incorrectly. To correct this, please make sure that $(TargetPath) property value matches the value specified in %(Link.OutputFile).">
</Event><Event ErrorLevel="1" Project="QQDemo" Source="QQDemo\QQDemo.vcproj" Description="MSB8012: $(TargetName) ('QQDemo') does not match the Linker's OutputFile property value '../bin/QQDemo_d.exe' ('QQDemo_d') in project configuration 'Debug|Win32'. This may cause your project to build incorrectly. To correct this, please make sure that $(TargetName) property value matches the value specified in %(Link.OutputFile).">
</Event><Event ErrorLevel="1" Project="QQDemo" Source="QQDemo\QQDemo.vcproj" Description="MSB8012: $(TargetPath) ('C:\Users\Administrator\Desktop\duilib v1.1\QQDemo\.\Debug\QQDemo.exe') does not match the Linker's OutputFile property value '../bin/QQDemo_d.exe' ('C:\Users\Administrator\Desktop\duilib v1.1\../bin/QQDemo_d.exe') in project configuration 'Debug|Win32'. This may cause your project to build incorrectly. To correct this, please make sure that $(TargetPath) property value matches the value specified in %(Link.OutputFile).">
</Event><Event ErrorLevel="1" Project="QQDemo" Source="QQDemo\QQDemo.vcproj" Description="MSB8012: $(TargetName) ('QQDemo') does not match the Linker's OutputFile property value '../bin/QQDemo_ud.exe' ('QQDemo_ud') in project configuration 'UnicodeDebug|Win32'. This may cause your project to build incorrectly. To correct this, please make sure that $(TargetName) property value matches the value specified in %(Link.OutputFile).">
</Event><Event ErrorLevel="1" Project="QQDemo" Source="QQDemo\QQDemo.vcproj" Description="MSB8012: $(TargetPath) ('C:\Users\Administrator\Desktop\duilib v1.1\QQDemo\.\Debug_u\QQDemo.exe') does not match the Linker's OutputFile property value '../bin/QQDemo_ud.exe' ('C:\Users\Administrator\Desktop\duilib v1.1\../bin/QQDemo_ud.exe') in project configuration 'UnicodeDebug|Win32'. This may cause your project to build incorrectly. To correct this, please make sure that $(TargetPath) property value matches the value specified in %(Link.OutputFile).">
</Event><Event ErrorLevel="1" Project="QQDemo" Source="QQDemo\QQDemo.vcproj" Description="MSB8012: $(TargetName) ('QQDemo') does not match the Linker's OutputFile property value '../bin/QQDemo_u.exe' ('QQDemo_u') in project configuration 'UnicodeRelease|Win32'. This may cause your project to build incorrectly. To correct this, please make sure that $(TargetName) property value matches the value specified in %(Link.OutputFile).">
</Event><Event ErrorLevel="1" Project="QQDemo" Source="QQDemo\QQDemo.vcproj" Description="MSB8012: $(TargetPath) ('C:\Users\Administrator\Desktop\duilib v1.1\QQDemo\.\Release_u\QQDemo.exe') does not match the Linker's OutputFile property value '../bin/QQDemo_u.exe' ('C:\Users\Administrator\Desktop\duilib v1.1\../bin/QQDemo_u.exe') in project configuration 'UnicodeRelease|Win32'. This may cause your project to build incorrectly. To correct this, please make sure that $(TargetPath) property value matches the value specified in %(Link.OutputFile).">
</Event><Event ErrorLevel="0" Project="QQDemo" Source="QQDemo\QQDemo.vcproj" Description="Done converting to new project file 'C:\Users\Administrator\Desktop\duilib v1.1\QQDemo\QQDemo.vcxproj'.">
</Event><Event ErrorLevel="3" Project="QQDemo" Source="QQDemo\QQDemo.vcproj" Description="Converted">
</Event><Event ErrorLevel="0" Project="" Source="DuiLib.sln" Description="成功转换解决方案">
</Event><Event ErrorLevel="3" Project="" Source="DuiLib.sln" Description="Converted">
</Event></UpgradeLog>